topic,term,weight
000,martian,0.012308457
000,people,0.007995157
000,house,0.005947747
000,black,0.005939252
000,timar,0.0058547775
000,road,0.005638377
000,thing,0.005399566
000,stand,0.0052322634
000,pit,0.0048801685
000,brother,0.004483957
001,thou,0.45208347
001,thy,0.13541724
001,rom,0.1321704
001,nurse,0.090223275
001,love,0.08969412
001,you,0.051806934
001,romeo,0.04860457
