topic,term,weight
0,deer,0.04531706
0,kansas,0.023047337
0,wildlife,0.012708712
0,provide,0.009895267
0,hunter,0.009598742
0,capturar,0.009262302
0,researcher,0.009262302
0,radiar,0.008332821
0,transmitter,0.007409219
0,project,0.007406054
1,fish,0.10805533
1,mdc,0.04271162
1,record,0.040999614
1,missouri,0.039773826
1,line,0.023258083
1,catch,0.016185686
1,nature,0.022488946
1,program,0.022432202
1,discover,0.021226574
1,relate,0.017686019
