topic,term,weight
000,deer,0.04531706
000,kansas,0.023047337
000,wildlife,0.012708712
000,provide,0.009895267
000,hunter,0.009598742
000,capturar,0.009262302
000,researcher,0.009262302
000,radiar,0.008332821
000,transmitter,0.007409219
000,project,0.0074060536
001,fish,0.10805533
001,mdc,0.04271162
001,record,0.040999614
001,missouri,0.039773826
001,line,0.023258083
001,catch,0.016185686
001,nature,0.022488946
001,program,0.022432202
001,discover,0.021226574
001,relate,0.017686019
