topic,term,weight
000,martian,0.0092193615
000,people,0.0066203377
000,timar,0.0049507017
000,black,0.0047961255
000,thing,0.0046098973
000,road,0.004554234
000,house,0.0045476933
000,stand,0.0043430775
000,pit,0.0039088437
000,make,0.0037659754
001,thou,0.40690282
001,thy,0.13541858
001,rom,0.13266547
001,nurse,0.09679415
001,love,0.096721314
001,you,0.06379682
001,romeo,0.06114907
001,jul,0.0065517533
